{
 "test_map": 0.6653585433959961,
 "test_acc": 0.9964500069618225
}